[{"_id":"648dfec6d362849efe2fb678","name":"channel test","channelDescription":"Channel Descr","users":["youssef","mourad"],"chat":[[{"senderId":"648dffbb9d9fd74b97046f55","senderUsername":"mourad","message":"test","date":"2023-06-17T19:22:47.514Z","id":"130c364b-ed78-49d6-93df-747c228a9d38"}],[{"senderId":"648dffae9d9fd74b97046f50","senderUsername":"youssef","message":"chbik","date":"2023-06-17T19:23:06.739Z","id":"cd7cbf08-502e-425f-b42d-59a691df9cf8"}],[{"senderId":"648dffbb9d9fd74b97046f55","senderUsername":"mourad","message":"chkawlek fel app ?","date":"2023-06-17T19:23:15.657Z","id":"0ba9de7e-3296-454f-9735-12901032da07"}],[{"senderId":"648dffae9d9fd74b97046f50","senderUsername":"youssef","message":"ya karkour","date":"2023-06-17T20:03:17.300Z","id":"1c5b9f3a-f79f-46e3-9cbc-c5b7c2fe3930"}],[{"senderId":"648dffbb9d9fd74b97046f55","senderUsername":"mourad","message":"chbik ?","date":"2023-06-17T20:03:26.121Z","id":"7c33ea89-0d9b-467e-b4d3-97f3751b1490"}],[{"senderId":"648dffae9d9fd74b97046f50","senderUsername":"youssef","message":"waktech nemchiw el nova ?","date":"2023-06-17T20:03:45.162Z","id":"5d8af31c-ce1d-404f-b843-b0ae893f20a5"}],[{"senderId":"648dffbb9d9fd74b97046f55","senderUsername":"mourad","message":"jsp ","date":"2023-06-17T20:03:53.487Z","id":"d73b0856-b734-44fa-8fd7-9acf6c5fc48f"}],[{"senderId":"648c9364d74edbcbc178d2b2","senderUsername":"admin","message":"test","date":"2023-06-18T14:10:15.028Z","id":"258bfbb8-6152-42b4-a187-38f0b451d9c0"}],[{"senderId":"648dffae9d9fd74b97046f50","senderUsername":"youssef","message":"bara nayek","date":"2023-06-18T14:11:12.307Z","id":"6936d7f4-dd2e-4f82-932b-5b6fcc236b0b"}],[{"senderId":"648dffae9d9fd74b97046f50","senderUsername":"youssef","message":"troh tati","date":"2023-06-18T14:11:33.885Z","id":"84bc007f-78b8-47e8-bff2-af38a08be33d"}],[{"senderId":"648c9364d74edbcbc178d2b2","senderUsername":"admin","message":"test","date":"2023-06-18T15:24:40.392Z","id":"b29d88e8-0446-419c-b4ee-a84406fdbba0"}],[{"senderId":"648c9364d74edbcbc178d2b2","senderUsername":"admin","message":"test2","date":"2023-06-18T15:24:40.517Z","id":"f891c247-7c31-4989-acf2-55c92257f103"}],[{"senderId":"648c9364d74edbcbc178d2b2","senderUsername":"admin","message":"finally","date":"2023-06-18T15:25:02.357Z","id":"90e64e6d-6ecc-46d1-af73-f1386ef10760"}],[{"senderId":"648dffae9d9fd74b97046f50","senderUsername":"youssef","message":"Tasemo feya ","date":"2023-06-18T15:26:30.469Z","id":"de1db951-477f-4bbb-afa2-86e5b8a4d8d3"}],[{"senderId":"648c9364d74edbcbc178d2b2","senderUsername":"admin","message":"yes nasemo fik","date":"2023-06-18T15:26:45.778Z","id":"6c285b6d-4f9f-4290-a975-d1e850df0428"}],[{"senderId":"648c9364d74edbcbc178d2b2","senderUsername":"admin","message":"test again","date":"2023-06-18T17:20:43.803Z","id":"4eb00ae4-076c-464a-8071-9290aa94bead"}]],"__v":17},{"_id":"648f3a1729cd43a7c9ebeb2e","name":"another Channel","channelDescription":"Channel Descr","users":["youssef","mourad"],"chat":[],"__v":2},{"_id":"648f3e6129cd43a7c9ebed3a","name":"test 3","channelDescription":"Channel Descr","chat":[],"__v":0},{"_id":"648f3e9529cd43a7c9ebed47","name":"test4","channelDescription":"Channel Descr","chat":[],"__v":0}]